{"cameraMode":{"drawMode":0,"name":"Shaded","section":"Shading Mode"},"sceneLighting":true,"audioPlay":false,"sceneViewState":{"m_AlwaysRefresh":false,"showFog":true,"showSkybox":true,"showFlares":true,"showImageEffects":true,"showParticleSystems":true,"showVisualEffectGraphs":true,"m_FxEnabled":true},"in2DMode":false,"pivot":{"x":-111.8099365234375,"y":-1374.805908203125,"z":1085.6204833984375},"rotation":{"x":-0.42313486337661745,"y":0.049567367881536487,"z":-0.022934146225452424,"w":-0.9045001268386841},"size":984.0045776367188,"orthographic":false}