{"cameraMode":{"drawMode":0,"name":"Shaded","section":"Shading Mode"},"sceneLighting":true,"audioPlay":false,"sceneViewState":{"m_AlwaysRefresh":false,"showFog":true,"showSkybox":true,"showFlares":true,"showImageEffects":true,"showParticleSystems":true,"showVisualEffectGraphs":true,"m_FxEnabled":true},"in2DMode":false,"pivot":{"x":2.0673763751983644,"y":-169.19847106933595,"z":-42.718658447265628},"rotation":{"x":-0.6652177572250366,"y":0.006044600624591112,"z":-0.005386515986174345,"w":-0.7466115355491638},"size":116.85948944091797,"orthographic":false}