{"cameraMode":{"drawMode":0,"name":"Shaded","section":"Shading Mode"},"sceneLighting":true,"audioPlay":false,"sceneViewState":{"m_AlwaysRefresh":false,"showFog":true,"showSkybox":true,"showFlares":true,"showImageEffects":true,"showParticleSystems":true,"showVisualEffectGraphs":true,"m_FxEnabled":true},"in2DMode":false,"pivot":{"x":-5.331355094909668,"y":14.276224136352539,"z":-75.84607696533203},"rotation":{"x":-0.2697945237159729,"y":0.031200984492897989,"z":-0.008782357908785344,"w":-0.9624226093292236},"size":24.719308853149415,"orthographic":false}